group_id,fairness_id,user_id,theta
0,2275,2275,0.1740763783454895
0,2276,2276,0.10237458348274231
0,2281,2281,-0.08438039571046829
0,2299,2299,-0.00948329921811819
0,2396,2396,-0.04623425379395485
0,2412,2412,-0.056401222944259644
0,2416,2416,0.04593968763947487
0,2426,2426,0.08812738209962845
0,2427,2427,-0.01794181950390339
0,2428,2428,0.1149119958281517
0,2429,2429,-0.03664752468466759
0,2430,2430,0.0853293389081955
0,2431,2431,-0.23181316256523132
0,2441,2441,0.09802838414907455
0,2447,2447,0.13905592262744904
0,2454,2454,-0.051760055124759674
0,2457,2457,-0.10735702514648438
0,2460,2460,-0.11813218891620636
0,2461,2461,-0.09595735371112823
0,2462,2462,0.06228429824113846
0,2463,2463,-0.11166544258594513
0,2468,2468,0.05984076112508774
0,2472,2472,-0.022030029445886612
0,2473,2473,0.022459054365754128
0,2474,2474,0.058383092284202576
0,2475,2475,0.14656274020671844
0,2476,2476,-0.16164419054985046
0,2485,2485,-0.07082623243331909
0,2486,2486,-0.06335636973381042
0,2487,2487,-0.03727862611413002
0,2488,2488,-0.10968774557113647
0,2489,2489,0.016956565901637077
0,2490,2490,-0.06173234060406685
0,2491,2491,0.0648694783449173
0,2492,2492,0.07550336420536041
0,2493,2493,-0.1254984736442566
1,1,1,0.28980934619903564
1,2,2,0.3147049844264984
1,3,3,0.6117165684700012
1,4,4,0.1670059710741043
1,5,5,0.00447004335001111
1,6,6,-0.19526970386505127
1,7,7,-0.2418912947177887
1,8,8,-0.33462920784950256
1,9,9,-0.5741139650344849
1,10,10,-0.44209060072898865
2,11,11,0.533016562461853
2,12,12,0.4283984899520874
2,13,13,0.22569170594215393
2,14,14,0.33657142519950867
2,15,15,0.23701924085617065
2,16,16,-0.03583156690001488
2,17,17,-0.43242165446281433
2,18,18,-0.2683166563510895
2,19,19,-0.34456878900527954
2,20,20,-0.7149011492729187
3,12,12,0.4283984899520874
3,21,21,0.46127861738204956
3,22,22,0.31395938992500305
3,23,23,0.2922309637069702
3,24,24,-0.05287344753742218
3,25,25,-0.3669893145561218
3,26,26,-0.663154661655426
3,27,27,-0.604788601398468
4,28,28,0.46033844351768494
4,29,29,0.22037602961063385
4,30,30,0.33515769243240356
4,31,31,0.14303191006183624
4,32,32,0.054369017481803894
4,33,33,-0.15926484763622284
4,34,34,-0.3514265716075897
4,35,35,-0.35413771867752075
4,36,36,-0.38359320163726807
4,37,37,-0.6596641540527344
5,38,38,0.6493251323699951
5,39,39,0.23990915715694427
5,40,40,0.21761347353458405
5,41,41,0.3099159896373749
5,42,42,0.1564658135175705
5,43,43,-0.1840444952249527
5,44,44,-0.165194571018219
5,45,45,-0.5067733526229858
5,46,46,-0.6069368124008179
5,47,47,-0.486002117395401
6,48,48,0.12762685120105743
6,49,49,0.18444710969924927
6,50,50,0.5197252035140991
6,51,51,0.19011329114437103
6,52,52,0.13553504645824432
6,53,53,-0.1504257619380951
6,54,54,-0.03925134986639023
6,55,55,-0.3055150508880615
6,56,56,-0.3083958029747009
6,57,57,-0.5205894708633423
7,58,58,0.31514111161231995
7,59,59,0.6943026185035706
7,60,60,0.2637394964694977
7,61,61,0.18619297444820404
7,62,62,0.13422147929668427
7,63,63,-0.136266827583313
7,64,64,-0.3423820436000824
7,65,65,-0.24183177947998047
7,66,66,-0.6192978024482727
7,67,67,-0.7723860740661621
8,68,68,0.2134786993265152
8,69,69,0.37794792652130127
8,70,70,0.2740231156349182
8,71,71,-0.005143593531101942
8,72,72,-0.2596372067928314
8,73,73,-0.5029605627059937
8,74,74,-0.43593865633010864
9,75,75,0.2566865086555481
9,76,76,0.32908135652542114
9,77,77,0.4362606108188629
9,78,78,0.2213020771741867
9,79,79,0.10076375305652618
9,80,80,-0.15605434775352478
9,81,81,-0.26444119215011597
9,82,82,-0.33606448769569397
9,83,83,-0.5032755136489868
9,84,84,-0.5827419757843018
10,85,85,0.5881427526473999
10,86,86,0.5268599987030029
10,87,87,0.2291109412908554
10,88,88,0.283186674118042
10,89,89,0.04272487759590149
10,90,90,-0.14962637424468994
10,91,91,-0.21838602423667908
10,92,92,-0.46201205253601074
10,93,93,-0.5312926769256592
10,94,94,-0.4328119158744812
11,95,95,0.2887622117996216
11,96,96,0.3002733290195465
11,97,97,0.2803644835948944
11,98,98,0.2723473608493805
11,99,99,-0.027127455919981003
11,100,100,-0.1173577532172203
11,101,101,-0.3859897553920746
11,102,102,-0.6080814599990845
11,103,103,-0.7508638501167297
11,104,104,-0.8002033829689026
12,105,105,0.5165898203849792
12,106,106,0.03245603293180466
12,107,107,0.34422796964645386
12,108,108,0.3059195578098297
12,109,109,-0.0808325931429863
12,110,110,-0.10135970264673233
12,111,111,-0.07140243798494339
12,112,112,-0.37590691447257996
12,113,113,-0.5075653195381165
12,114,114,-0.758798360824585
13,115,115,0.5274867415428162
13,116,116,0.4460492432117462
13,117,117,0.17617927491664886
13,118,118,0.2810952961444855
13,119,119,-0.0016147708520293236
13,120,120,-0.03536425530910492
13,121,121,-0.07884526252746582
13,122,122,-0.2603519856929779
13,123,123,-0.2602391839027405
13,124,124,-0.6784458160400391
14,125,125,0.48830360174179077
14,126,126,0.562938928604126
14,127,127,0.2708538770675659
14,128,128,0.2643767297267914
14,129,129,0.13729463517665863
14,130,130,-0.170865997672081
14,131,131,-0.38973695039749146
14,132,132,-0.46531757712364197
14,133,133,-0.5693727731704712
14,134,134,-0.7550231218338013
15,135,135,0.27687156200408936
15,136,136,0.3281748592853546
15,137,137,0.2447180598974228
15,138,138,0.17690537869930267
15,139,139,-0.12715740501880646
15,140,140,-0.5689091086387634
15,141,141,-0.7739173173904419
15,142,142,-0.5854286551475525
16,143,143,0.33922871947288513
16,144,144,0.3638974130153656
16,145,145,0.21145042777061462
16,146,146,0.3460424542427063
16,147,147,0.11265666782855988
16,148,148,-0.0864274874329567
16,149,149,-0.5100836753845215
16,150,150,-0.6271741986274719
16,151,151,-0.5522826910018921
16,152,152,-0.7426109910011292
17,153,153,0.48814937472343445
17,154,154,0.3876526653766632
17,155,155,0.4076123535633087
17,156,156,0.14586052298545837
17,157,157,0.08039204776287079
17,158,158,-0.23144495487213135
17,159,159,-0.25618621706962585
17,160,160,-0.5470094084739685
17,161,161,-0.8734044432640076
17,162,162,-0.5970643758773804
18,163,163,0.47944945096969604
18,164,164,0.48397567868232727
18,165,165,0.26756390929222107
18,166,166,0.25542595982551575
18,167,167,-0.021969592198729515
18,168,168,-0.17286047339439392
18,169,169,-0.17451155185699463
18,170,170,-0.33912795782089233
18,171,171,-0.48092716932296753
18,172,172,-0.44614070653915405
19,173,173,0.4717980921268463
19,174,174,0.39925143122673035
19,175,175,0.44106152653694153
19,176,176,0.08142589777708054
19,177,177,0.10734627395868301
19,178,178,-0.09480603039264679
19,179,179,-0.2554718852043152
19,180,180,-0.2711125314235687
19,181,181,-0.5988644361495972
19,182,182,-0.5633587837219238
20,183,183,0.3739483654499054
20,184,184,0.392800897359848
20,185,185,0.23809407651424408
20,186,186,0.1464787721633911
20,187,187,-0.22807727754116058
20,188,188,-0.3790169656276703
20,189,189,-0.5522987842559814
20,190,190,-0.4013405740261078
21,191,191,0.11413406580686569
21,192,192,0.40405261516571045
21,193,193,0.27240216732025146
21,194,194,0.12444987148046494
21,195,195,0.0024822521954774857
21,196,196,-0.37794220447540283
21,197,197,-0.3232215940952301
21,198,198,-0.6268710494041443
22,199,199,0.7174890041351318
22,200,200,0.25611647963523865
22,201,201,0.3169429302215576
22,202,202,0.144342303276062
22,203,203,0.01330768596380949
22,204,204,-0.09303984045982361
22,205,205,-0.3030831813812256
22,206,206,-0.6362627148628235
22,207,207,-0.3415905833244324
23,208,208,0.2851014733314514
23,209,209,0.4478367865085602
23,210,210,0.049295976758003235
23,211,211,0.24507547914981842
23,212,212,0.1412879228591919
23,213,213,-0.23431962728500366
23,214,214,-0.24105623364448547
23,215,215,-0.4040381610393524
23,216,216,-0.4603995382785797
23,217,217,-0.7147935628890991
24,218,218,0.4768643081188202
24,219,219,0.37868621945381165
24,220,220,0.47575199604034424
24,221,221,0.3349376618862152
24,222,222,0.09589069336652756
24,223,223,-0.11221542209386826
24,224,224,-0.3907061517238617
24,225,225,-0.4292445480823517
24,226,226,-0.5812457203865051
24,227,227,-0.3900521993637085
25,228,228,0.21822355687618256
25,229,229,0.2652311623096466
25,230,230,0.3965874910354614
25,231,231,-0.053959283977746964
25,232,232,-0.4121944308280945
25,233,233,-0.40757694840431213
25,234,234,-0.6645156145095825
26,235,235,0.4897320568561554
26,236,236,0.2608071267604828
26,237,237,0.30395957827568054
26,238,238,-0.07759767025709152
26,239,239,-0.1562306433916092
26,240,240,-0.4121769070625305
26,241,241,-0.729993462562561
27,242,242,0.2747746407985687
27,243,243,0.3148406445980072
27,244,244,0.1849275827407837
27,245,245,0.1736164540052414
27,246,246,-0.08420559018850327
27,247,247,-0.4032585918903351
27,248,248,-0.4382918179035187
27,249,249,-0.5744583606719971
27,250,250,-0.6943974494934082
28,251,251,0.6833676099777222
28,252,252,0.5766308903694153
28,253,253,0.37337738275527954
28,254,254,0.10751260817050934
28,255,255,-0.05809147655963898
28,256,256,-0.311433345079422
28,257,257,-0.29313385486602783
28,258,258,-0.5279276371002197
29,259,259,0.4016764760017395
29,260,260,0.2238662838935852
29,261,261,0.3251993954181671
29,262,262,-0.03861617669463158
29,263,263,-0.401936799287796
29,264,264,-0.7153578400611877
29,265,265,-0.8566250801086426
30,266,266,0.24272160232067108
30,267,267,0.3870198726654053
30,268,268,0.487284392118454
30,269,269,0.22754593193531036
30,270,270,0.03474606201052666
30,271,271,-0.17558401823043823
30,272,272,-0.40388789772987366
30,273,273,-0.29936012625694275
30,274,274,-0.5595176219940186
30,275,275,-0.795098066329956
31,276,276,0.12016847729682922
31,277,277,0.3800957202911377
31,278,278,0.20866352319717407
31,279,279,0.18747207522392273
31,280,280,0.167289137840271
31,281,281,-0.04980407655239105
31,282,282,-0.3182944357395172
31,283,283,-0.2887333035469055
31,284,284,-0.49731460213661194
31,285,285,-0.7047277092933655
32,286,286,0.2967036962509155
32,287,287,0.45971259474754333
32,288,288,0.4497685730457306
32,289,289,0.24843882024288177
32,290,290,-0.1529565304517746
32,291,291,-0.08214336633682251
32,292,292,-0.5369323492050171
32,293,293,-0.28061482310295105
33,294,294,0.26993680000305176
33,295,295,0.47838929295539856
33,296,296,0.289934366941452
33,297,297,0.3733595311641693
33,298,298,0.038058772683143616
33,299,299,-0.12676884233951569
33,300,300,-0.3502509295940399
33,301,301,-0.5594274997711182
33,302,302,-0.6808517575263977
33,303,303,-0.7072075605392456
34,304,304,0.35018062591552734
34,305,305,0.3729759454727173
34,306,306,0.3102843165397644
34,307,307,0.20523391664028168
34,308,308,0.027758188545703888
34,309,309,-0.0674225315451622
34,310,310,-0.22661449015140533
34,311,311,-0.31734541058540344
34,312,312,-0.3978828489780426
34,313,313,-0.5942288637161255
35,314,314,0.4242991507053375
35,315,315,0.207594096660614
35,316,316,0.5440931916236877
35,317,317,0.2551925480365753
35,318,318,0.10009811073541641
35,319,319,-0.18374237418174744
35,320,320,-0.4687664806842804
35,321,321,-0.3398885428905487
35,322,322,-0.4358072578907013
35,323,323,-0.5930304527282715
36,324,324,0.4858042597770691
36,325,325,0.24849842488765717
36,326,326,0.17138856649398804
36,327,327,-0.08893337100744247
36,328,328,-0.3385288119316101
36,329,329,-0.5347941517829895
36,330,330,-0.9021661877632141
37,331,331,0.2597498893737793
37,332,332,0.42414915561676025
37,333,333,0.1497495472431183
37,334,334,0.27174869179725647
37,335,335,-0.10358511656522751
37,336,336,-0.14866948127746582
37,337,337,-0.2733667492866516
37,338,338,-0.406524121761322
37,339,339,-0.551532506942749
37,340,340,-0.48239341378211975
38,341,341,0.5181843638420105
38,342,342,0.4999663233757019
38,343,343,0.3596358597278595
38,344,344,0.2626076340675354
38,345,345,0.16288819909095764
38,346,346,-0.08038728684186935
38,347,347,-0.3142205774784088
38,348,348,-0.48174500465393066
38,349,349,-0.521018385887146
38,350,350,-0.3734539747238159
39,351,351,0.42362692952156067
39,352,352,0.25972622632980347
39,353,353,0.13291685283184052
39,354,354,0.07113746553659439
39,355,355,-0.11903616786003113
39,356,356,-0.5091841220855713
39,357,357,-0.6978158354759216
39,358,358,-0.7714863419532776
40,359,359,0.4414290487766266
40,360,360,0.29154080152511597
40,361,361,0.13268591463565826
40,362,362,0.23556745052337646
40,363,363,0.09093551337718964
40,364,364,-0.2797645330429077
40,365,365,-0.41832655668258667
40,366,366,-0.6490213871002197
40,367,367,-0.6762138605117798
40,368,368,-0.8409125804901123
41,369,369,0.6336348652839661
41,370,370,0.2339952439069748
41,371,371,0.21230921149253845
41,372,372,0.1972946673631668
41,373,373,0.03383304551243782
41,374,374,-0.1761423945426941
41,375,375,-0.35047435760498047
41,376,376,-0.37150219082832336
41,377,377,-0.7403252124786377
41,378,378,-0.5747836232185364
42,379,379,0.6244946718215942
42,380,380,0.4879056513309479
42,381,381,0.35032492876052856
42,382,382,0.22934935986995697
42,383,383,-0.0329279787838459
42,384,384,-0.2970024049282074
42,385,385,-0.578495979309082
42,386,386,-0.36403897404670715
43,387,387,0.6934340000152588
43,388,388,0.3885688781738281
43,389,389,0.13290570676326752
43,390,390,0.07778430730104446
43,391,391,-0.3421960175037384
43,392,392,-0.5076582431793213
43,393,393,-0.8242723941802979
44,394,394,0.3514309227466583
44,395,395,0.5342214703559875
44,396,396,0.4796789586544037
44,397,397,0.27163392305374146
44,398,398,0.015241485089063644
44,399,399,-0.09584563970565796
44,400,400,-0.5645180344581604
44,401,401,-0.6654564142227173
44,402,402,-0.6841510534286499
45,403,403,0.5147726535797119
45,404,404,0.24328379333019257
45,405,405,0.46636754274368286
45,406,406,0.08241167664527893
45,407,407,0.1278398185968399
45,408,408,-0.1950770914554596
45,409,409,-0.2882494330406189
45,410,410,-0.30895939469337463
45,411,411,-0.5489936470985413
45,412,412,-0.6468141674995422
46,413,413,0.5097039937973022
46,414,414,0.33148422837257385
46,415,415,0.3727739453315735
46,416,416,0.2915527820587158
46,417,417,0.04659296199679375
46,418,418,-0.18678104877471924
46,419,419,-0.33347511291503906
46,420,420,-0.43795105814933777
46,421,421,-0.6316460371017456
46,422,422,-0.8745489716529846
47,423,423,0.31637805700302124
47,424,424,0.5705285668373108
47,425,425,0.4553418755531311
47,426,426,0.2896807789802551
47,427,427,0.02617635205388069
47,428,428,-0.1574196070432663
47,429,429,-0.12206041067838669
47,430,430,-0.3912826478481293
47,431,431,-0.3678152859210968
47,432,432,-0.5864354968070984
48,433,433,0.615024983882904
48,434,434,0.38138893246650696
48,435,435,0.21073907613754272
48,436,436,0.2972174286842346
48,437,437,0.1625242978334427
48,438,438,-0.18047389388084412
48,439,439,-0.41502800583839417
48,440,440,-0.5166738033294678
48,441,441,-0.44671452045440674
48,442,442,-0.4864586591720581
49,443,443,0.3336811363697052
49,444,444,0.29479944705963135
49,445,445,0.14834989607334137
49,446,446,0.4320121705532074
49,447,447,0.08088108897209167
49,448,448,-0.10208375751972198
49,449,449,-0.24243316054344177
49,450,450,-0.15574228763580322
49,451,451,-0.6071684956550598
49,452,452,-0.5041105151176453
50,453,453,0.27917155623435974
50,454,454,0.30487585067749023
50,455,455,0.3061261475086212
50,456,456,0.004924343898892403
50,457,457,-0.30825385451316833
50,458,458,-0.5995336771011353
50,459,459,-0.7495233416557312
51,460,460,0.5793883800506592
51,461,461,0.4215008020401001
51,462,462,0.32211002707481384
51,463,463,0.039652008563280106
51,464,464,-0.024775639176368713
51,465,465,-0.2851444482803345
51,466,466,-0.377897709608078
51,467,467,-0.3947858512401581
51,468,468,-0.7324745059013367
52,469,469,0.34458404779434204
52,470,470,0.21864773333072662
52,471,471,0.18531402945518494
52,472,472,-0.00664284685626626
52,473,473,-0.22495220601558685
52,474,474,-0.44946202635765076
52,475,475,-0.4623428285121918
53,476,476,0.6346069574356079
53,477,477,0.7797603607177734
53,478,478,0.31047409772872925
53,479,479,-0.0047612907364964485
53,480,480,-0.3799394369125366
53,481,481,-0.7167023420333862
53,482,482,-0.5988801717758179
54,483,483,0.2569374740123749
54,484,484,0.6000828742980957
54,485,485,0.38810211420059204
54,486,486,0.3865165710449219
54,487,487,0.14220057427883148
54,488,488,-0.02701530046761036
54,489,489,-0.4742049276828766
54,490,490,-0.5237658619880676
54,491,491,-0.45514973998069763
54,492,492,-0.5736638307571411
55,493,493,0.27423691749572754
55,494,494,0.17332905530929565
55,495,495,0.14755570888519287
55,496,496,0.16785410046577454
55,497,497,0.05018487572669983
55,498,498,-0.1445963978767395
55,499,499,-0.32762184739112854
55,500,500,-0.3268001973628998
55,501,501,-0.4298833906650543
55,502,502,-0.4922611713409424
56,503,503,0.5027437806129456
56,504,504,0.46493661403656006
56,505,505,0.2687338590621948
56,506,506,0.4245867431163788
56,507,507,0.12771639227867126
56,508,508,0.03625387325882912
56,509,509,-0.24661648273468018
56,510,510,-0.49163612723350525
56,511,511,-0.46024230122566223
56,512,512,-0.5944023728370667
57,513,513,0.5400905013084412
57,514,514,0.31924086809158325
57,515,515,0.39672333002090454
57,516,516,0.22593864798545837
57,517,517,0.07940482348203659
57,518,518,-0.14007242023944855
57,519,519,-0.36640968918800354
57,520,520,-0.6475638747215271
57,521,521,-0.49896240234375
57,522,522,-0.9035456776618958
58,523,523,0.3721843361854553
58,524,524,0.42162981629371643
58,525,525,0.4733579754829407
58,526,526,0.3791516125202179
58,527,527,-0.02084297686815262
58,528,528,-0.1620520055294037
58,529,529,-0.25603851675987244
58,530,530,-0.44030117988586426
58,531,531,-0.45842674374580383
59,532,532,0.25189897418022156
59,533,533,0.426308810710907
59,534,534,0.2339809238910675
59,535,535,0.153630331158638
59,536,536,0.07569622248411179
59,537,537,-0.2365678995847702
59,538,538,-0.3403913378715515
59,539,539,-0.6661932468414307
59,540,540,-0.5221765041351318
59,541,541,-0.4804028272628784
60,542,542,0.19469228386878967
60,543,543,0.6743373274803162
60,544,544,0.30472084879875183
60,545,545,0.27502918243408203
60,546,546,-0.028894176706671715
60,547,547,-0.034430891275405884
60,548,548,-0.4286879003047943
60,549,549,-0.4941583275794983
60,550,550,-0.5147184133529663
60,551,551,-0.31962183117866516
61,552,552,0.33117493987083435
61,553,553,0.21435661613941193
61,554,554,0.36587774753570557
61,555,555,-0.03783731535077095
61,556,556,-0.04054016247391701
61,557,557,-0.18026398122310638
61,558,558,-0.487416535615921
61,559,559,-0.5444105267524719
61,560,560,-0.5032154321670532
62,561,561,0.7026973962783813
62,562,562,0.25921642780303955
62,563,563,0.37295058369636536
62,564,564,0.20347654819488525
62,565,565,-0.2668145000934601
62,566,566,-0.5313001871109009
62,567,567,-0.5553295612335205
62,568,568,-0.19079242646694183
63,569,569,0.37942227721214294
63,570,570,0.2835054397583008
63,571,571,0.23939380049705505
63,572,572,-0.2225799709558487
63,573,573,-0.37571999430656433
63,574,574,-0.609520673751831
64,575,575,0.29049384593963623
64,576,576,0.5312919020652771
64,577,577,0.22921842336654663
64,578,578,-0.036210138350725174
64,579,579,-0.41392844915390015
64,580,580,-0.5764206051826477
64,581,581,-0.6832302212715149
65,582,582,0.4200640916824341
65,583,583,0.15999917685985565
65,584,584,0.2835312783718109
65,585,585,-0.0009082579636014998
65,586,586,-0.03831302002072334
65,587,587,-0.24062885344028473
65,588,588,-0.39114177227020264
65,589,589,-0.4102071523666382
65,590,590,-0.502528965473175
66,591,591,0.275850385427475
66,592,592,0.2504870593547821
66,593,593,0.21849742531776428
66,594,594,-0.05622025951743126
66,595,595,-0.2957113981246948
66,596,596,-0.5478946566581726
67,597,597,0.6170730590820312
67,598,598,0.32311394810676575
67,599,599,0.38573724031448364
67,600,600,0.3058973550796509
67,601,601,0.1639849841594696
67,602,602,-0.046236153692007065
67,603,603,-0.5223333239555359
67,604,604,-0.49735337495803833
67,605,605,-0.6923295855522156
67,606,606,-0.7820084095001221
68,607,607,0.4772574305534363
68,608,608,0.3961499333381653
68,609,609,0.24483877420425415
68,610,610,0.16725939512252808
68,611,611,-0.09139293432235718
68,612,612,-0.3576447367668152
68,613,613,-0.5371384620666504
68,614,614,-0.4139259457588196
69,615,615,0.45575419068336487
69,616,616,0.23663894832134247
69,617,617,0.2645256519317627
69,618,618,0.15178218483924866
69,619,619,0.05910153314471245
69,620,620,-0.2603133022785187
69,621,621,-0.4295461177825928
69,622,622,-0.4772559106349945
69,623,623,-0.6153867840766907
69,624,624,-0.4685664772987366
70,625,625,0.3430730700492859
70,626,626,0.2664116621017456
70,627,627,0.08685708791017532
70,628,628,0.12541376054286957
70,629,629,-0.23460109531879425
70,630,630,-0.2869308590888977
70,631,631,-0.4489283859729767
70,632,632,-0.8040686249732971
71,633,633,0.5474327206611633
71,634,634,0.5886026620864868
71,635,635,0.2571042776107788
71,636,636,0.4931786060333252
71,637,637,0.12951791286468506
71,638,638,-0.20323696732521057
71,639,639,-0.2633066475391388
71,640,640,-0.3760291039943695
71,641,641,-0.43852317333221436
71,642,642,-0.6150166988372803
72,643,643,0.4725418984889984
72,644,644,0.22176510095596313
72,645,645,0.027014389634132385
72,646,646,-0.4145517647266388
72,647,647,-0.5042675137519836
73,648,648,0.4819580912590027
73,649,649,0.22844085097312927
73,650,650,0.28512051701545715
73,651,651,0.01900712586939335
73,652,652,0.007119836751371622
73,653,653,-0.013357538729906082
73,654,654,-0.3360583782196045
73,655,655,-0.6577232480049133
73,656,656,-0.5059525370597839
73,657,657,-0.49448341131210327
74,658,658,0.35960936546325684
74,659,659,0.702700138092041
74,660,660,0.4575048089027405
74,661,661,0.24510160088539124
74,662,662,0.1270587146282196
74,663,663,-0.10551895946264267
74,664,664,-0.20424912869930267
74,665,665,-0.5128695964813232
74,666,666,-0.7534899711608887
74,667,667,-0.9063271880149841
75,668,668,0.16173280775547028
75,669,669,0.3666519820690155
75,670,670,0.37217262387275696
75,671,671,0.03511869162321091
75,672,672,-0.13160575926303864
75,673,673,-0.3168717324733734
75,674,674,-0.5323678851127625
75,675,675,-0.48976120352745056
76,676,676,0.5238726139068604
76,677,677,0.21054698526859283
76,678,678,0.29021766781806946
76,679,679,0.1369272619485855
76,680,680,-0.30333787202835083
76,681,681,-0.39985191822052
76,682,682,-0.7645495533943176
76,683,683,-0.8564274311065674
77,684,684,0.4844129979610443
77,685,685,0.4568687677383423
77,686,686,0.24500831961631775
77,687,687,0.2267683744430542
77,688,688,0.1110772117972374
77,689,689,-0.13796362280845642
77,690,690,-0.29183852672576904
77,691,691,-0.6480213403701782
77,692,692,-0.43427136540412903
77,693,693,-0.5384286046028137
78,694,694,0.14964337646961212
78,695,695,0.45422813296318054
78,696,696,0.43675950169563293
78,697,697,0.33866673707962036
78,698,698,0.05569547042250633
78,699,699,-0.16361908614635468
78,700,700,-0.2441757172346115
78,701,701,-0.5667793154716492
78,702,702,-0.282100111246109
79,703,703,0.4267774522304535
79,704,704,0.5418757796287537
79,705,705,0.4976937174797058
79,706,706,0.2550393044948578
79,707,707,0.07732133567333221
79,708,708,-0.16678935289382935
79,709,709,-0.460022509098053
79,710,710,-0.3548705577850342
79,711,711,-0.39365485310554504
80,712,712,0.7213032245635986
80,713,713,0.3757209777832031
80,714,714,0.20264536142349243
80,715,715,0.2876800298690796
80,716,716,0.18986636400222778
80,717,717,-0.19615526497364044
80,718,718,-0.18574292957782745
80,719,719,-0.575236439704895
80,720,720,-0.5545976758003235
80,721,721,-0.6026436686515808
81,722,722,0.30544209480285645
81,723,723,0.5559924244880676
81,724,724,0.1602734625339508
81,725,725,-0.06796421855688095
81,726,726,-0.3825116455554962
81,727,727,-0.6542113423347473
82,728,728,0.2842855155467987
82,729,729,0.4984763264656067
82,730,730,0.42279553413391113
82,731,731,0.005954308435320854
82,732,732,-0.22773954272270203
82,733,733,-0.4120784103870392
82,734,734,-0.5788094401359558
83,735,735,0.35490214824676514
83,736,736,0.28140583634376526
83,737,737,0.29817473888397217
83,738,738,0.12972883880138397
83,739,739,0.12581698596477509
83,740,740,-0.13703730702400208
83,741,741,-0.2851555049419403
83,742,742,-0.2740778625011444
83,743,743,-0.6225326657295227
83,744,744,-0.6005876064300537
84,745,745,0.5287529826164246
84,746,746,0.35912784934043884
84,747,747,0.4804403781890869
84,748,748,0.22822284698486328
84,749,749,0.2119044065475464
84,750,750,-0.0772937461733818
84,751,751,-0.3753552734851837
84,752,752,-0.29200324416160583
84,753,753,-0.6039068102836609
84,754,754,-0.8573851585388184
85,755,755,0.2772487699985504
85,756,756,0.27305489778518677
85,757,757,0.5242464542388916
85,758,758,0.13520996272563934
85,759,759,-0.05978960171341896
85,760,760,-0.17676863074302673
85,761,761,-0.2928665280342102
85,762,762,-0.3775382339954376
85,763,763,-0.5662509202957153
85,764,764,-0.6676204204559326
86,765,765,0.20681904256343842
86,766,766,0.16872547566890717
86,767,767,0.24401962757110596
86,768,768,0.26811516284942627
86,769,769,0.1370754837989807
86,770,770,-0.10374221205711365
86,771,771,-0.4122762680053711
86,772,772,-0.529816210269928
86,773,773,-0.6215294003486633
86,774,774,-0.5426885485649109
87,775,775,0.5250524878501892
87,776,776,0.5037436485290527
87,777,777,0.46840935945510864
87,778,778,0.22277189791202545
87,779,779,0.011181559413671494
87,780,780,-0.16968098282814026
87,781,781,-0.3686705529689789
87,782,782,-0.41250842809677124
87,783,783,-0.6081361174583435
87,784,784,-0.7195278406143188
88,785,785,0.4678553640842438
88,786,786,0.30984798073768616
88,787,787,0.05899995192885399
88,788,788,0.02127494290471077
88,789,789,-0.4347898066043854
88,790,790,-0.7033983469009399
88,791,791,-0.44653597474098206
89,792,792,0.351167768239975
89,793,793,0.38399747014045715
89,794,794,0.2790478467941284
89,795,795,-0.009874570183455944
89,796,796,-0.46269115805625916
89,797,797,-0.25937196612358093
89,798,798,-0.6011367440223694
90,799,799,0.15617281198501587
90,800,800,0.2789755165576935
90,801,801,0.4611179232597351
90,802,802,0.07167143374681473
90,803,803,-0.036698583513498306
90,804,804,-0.4373531639575958
90,805,805,-0.44049370288848877
90,806,806,-0.6435983180999756
90,807,807,-0.6813662052154541
91,808,808,0.48894867300987244
91,809,809,0.07034271955490112
91,810,810,0.22596481442451477
91,811,811,-0.02029523439705372
91,812,812,-0.185350701212883
91,813,813,-0.35685673356056213
91,814,814,-0.5200950503349304
92,815,815,0.3425099849700928
92,816,816,0.1465853452682495
92,817,817,0.3171575665473938
92,818,818,0.258003830909729
92,819,819,0.0945378765463829
92,820,820,-0.20379234850406647
92,821,821,-0.26089850068092346
92,822,822,-0.43783700466156006
92,823,823,-0.5895248055458069
92,824,824,-0.5736153721809387
93,825,825,0.1539647877216339
93,826,826,0.06197679415345192
93,827,827,0.24428032338619232
93,828,828,0.18074649572372437
93,829,829,0.009762261994183064
93,830,830,-0.16319051384925842
93,831,831,-0.24125617742538452
93,832,832,-0.2230646163225174
93,833,833,-0.5026735067367554
94,834,834,0.43061351776123047
94,835,835,0.25256767868995667
94,836,836,0.18625614047050476
94,837,837,0.11015878617763519
94,838,838,-0.32609835267066956
94,839,839,-0.34209930896759033
94,840,840,-0.8025346398353577
94,841,841,-0.6495140194892883
95,842,842,0.20891132950782776
95,843,843,0.45494404435157776
95,844,844,0.4307112395763397
95,845,845,-0.02044779248535633
95,846,846,-0.3781588077545166
95,847,847,-0.2762967646121979
95,848,848,-0.525917112827301
96,849,849,0.1261262446641922
96,850,850,0.39783355593681335
96,851,851,0.24947604537010193
96,852,852,0.18523643910884857
96,853,853,-0.2372290939092636
96,854,854,-0.35359054803848267
96,855,855,-0.6587077975273132
96,856,856,-0.4043336808681488
97,857,857,0.27318617701530457
97,858,858,0.3848344385623932
97,859,859,0.36274492740631104
97,860,860,0.3507520258426666
97,861,861,0.013523459434509277
97,862,862,-0.051956214010715485
97,863,863,-0.3452104926109314
97,864,864,-0.45848461985588074
97,865,865,-0.4822719991207123
97,866,866,-0.44929760694503784
98,867,867,0.16800187528133392
98,868,868,0.26550501585006714
98,869,869,0.5122297406196594
98,870,870,0.10308320075273514
98,871,871,0.12083090841770172
98,872,872,-0.1306169331073761
98,873,873,-0.03373308479785919
98,874,874,-0.2837495803833008
98,875,875,-0.23997047543525696
99,876,876,0.2795543968677521
99,877,877,0.37258780002593994
99,878,878,0.036982908844947815
99,879,879,-0.141481414437294
99,880,880,-0.5145036578178406
99,881,881,-0.5482059717178345
100,882,882,0.19151315093040466
100,883,883,0.4373841881752014
100,884,884,0.03317730501294136
100,885,885,-0.047120366245508194
100,886,886,-0.16992805898189545
100,887,887,-0.42622876167297363
100,888,888,-0.3228565454483032
100,889,889,-0.4192523658275604
101,890,890,0.17219163477420807
101,891,891,0.28372207283973694
101,892,892,-0.03339000046253204
101,893,893,0.1919727325439453
101,894,894,-0.02399333193898201
101,895,895,-0.501542329788208
101,896,896,-0.46828898787498474
101,897,897,-0.33523380756378174
102,898,898,0.2921910285949707
102,899,899,0.41673675179481506
102,900,900,0.15628239512443542
102,901,901,-0.2276146560907364
102,902,902,-0.4530418813228607
102,903,903,-0.4791337549686432
103,904,904,0.19828137755393982
103,905,905,0.34841668605804443
103,906,906,0.37127822637557983
103,907,907,0.17503608763217926
103,908,908,-0.17333397269248962
103,909,909,-0.4266210198402405
103,910,910,-0.43322864174842834
103,911,911,-0.510576069355011
104,912,912,0.2834155559539795
104,913,913,0.3132346272468567
104,914,914,0.37943801283836365
104,915,915,0.19770504534244537
104,916,916,0.01757771521806717
104,917,917,-0.15096311271190643
104,918,918,-0.37796199321746826
104,919,919,-0.35924088954925537
104,920,920,-0.5750784873962402
104,921,921,-0.6324796676635742
105,922,922,0.39494654536247253
105,923,923,0.2669280171394348
105,924,924,0.24243782460689545
105,925,925,0.09629907459020615
105,926,926,-0.19924011826515198
105,927,927,-0.3317393362522125
105,928,928,-0.4819520115852356
105,929,929,-0.7051230072975159
106,930,930,0.2182910144329071
106,931,931,0.20619043707847595
106,932,932,0.2605651319026947
106,933,933,0.22606514394283295
106,934,934,0.14143288135528564
106,935,935,-0.19856487214565277
106,936,936,-0.35234755277633667
106,937,937,-0.2057090550661087
106,938,938,-0.14298458397388458
106,939,939,-0.5948150157928467
107,940,940,0.26567476987838745
107,941,941,0.2361910492181778
107,942,942,0.09786386787891388
107,943,943,0.1914607584476471
107,944,944,0.0927148088812828
107,945,945,-0.05059278383851051
107,946,946,-0.3016048073768616
107,947,947,-0.33595770597457886
107,948,948,-0.5514726042747498
107,949,949,-0.5165102481842041
108,950,950,0.2480737715959549
108,951,951,0.1869613081216812
108,952,952,0.1135195940732956
108,953,953,-0.13639071583747864
108,954,954,-0.25424709916114807
108,955,955,-0.06707540154457092
109,956,956,0.3826727271080017
109,957,957,0.5396909117698669
109,958,958,0.24553810060024261
109,959,959,-0.1277269572019577
109,960,960,-0.373078852891922
109,961,961,-0.55503249168396
109,962,962,-0.7791368961334229
110,963,963,0.3689606785774231
110,964,964,0.21580152213573456
110,965,965,0.10721752792596817
110,966,966,0.1313498467206955
110,967,967,-0.1814296692609787
110,968,968,-0.09550373256206512
110,969,969,-0.3490835130214691
111,970,970,0.47019141912460327
111,971,971,0.39882588386535645
111,972,972,-0.08934289962053299
111,973,973,-0.3603789210319519
111,974,974,-0.6108790636062622
112,975,975,0.2936297059059143
112,976,976,0.31467682123184204
112,977,977,0.15887688100337982
112,978,978,-0.04894709587097168
112,979,979,-0.34990841150283813
112,980,980,-0.3014153838157654
112,981,981,-0.5585645437240601
113,982,982,0.3430132567882538
113,983,983,0.2983996868133545
113,984,984,0.5975913405418396
113,985,985,0.22520551085472107
113,986,986,0.0930904969573021
113,987,987,-0.33336108922958374
113,988,988,-0.47028008103370667
113,989,989,-0.5341341495513916
113,990,990,-0.6512840390205383
114,991,991,0.03923269733786583
114,992,992,0.17261888086795807
114,993,993,0.18281996250152588
114,994,994,0.0032616162206977606
114,995,995,0.05922450125217438
114,996,996,-0.2575971484184265
114,997,997,-0.3629467785358429
114,998,998,-0.30757108330726624
114,999,999,-0.34706684947013855
114,1000,1000,-0.5790297389030457
115,1001,1001,0.21192221343517303
115,1002,1002,0.3616385757923126
115,1003,1003,-0.02867531217634678
115,1004,1004,-0.05303914099931717
115,1005,1005,-0.17102323472499847
115,1006,1006,-0.20158357918262482
115,1007,1007,-0.3970728814601898
116,1008,1008,0.3276761770248413
116,1009,1009,0.3777035176753998
116,1010,1010,0.14067165553569794
116,1011,1011,0.1469140201807022
116,1012,1012,-0.18596391379833221
116,1013,1013,-0.24750453233718872
116,1014,1014,-0.622906506061554
116,1015,1015,-0.22664490342140198
117,1016,1016,0.2393903136253357
117,1017,1017,0.41007986664772034
117,1018,1018,0.34714987874031067
117,1019,1019,0.27549442648887634
117,1020,1020,0.24329771101474762
117,1021,1021,-0.12988489866256714
117,1022,1022,-0.05349069461226463
117,1023,1023,-0.40401917695999146
117,1024,1024,-0.3989855647087097
117,1025,1025,-0.44653770327568054
118,1026,1026,0.1974620670080185
118,1027,1027,0.3827885389328003
118,1028,1028,0.11184179037809372
118,1029,1029,-0.08947454392910004
118,1030,1030,-0.4598337411880493
119,1031,1031,0.287990003824234
119,1032,1032,0.09070516377687454
119,1033,1033,0.24253593385219574
119,1034,1034,-0.06062721088528633
119,1035,1035,-0.3758910000324249
119,1036,1036,-0.2501809895038605
119,1037,1037,-0.37146565318107605
120,1038,1038,0.23432518541812897
120,1039,1039,0.38666924834251404
120,1040,1040,-0.01578933745622635
120,1041,1041,-0.5372704267501831
120,1042,1042,-0.24637359380722046
121,1043,1043,0.4033854305744171
121,1044,1044,0.3476029336452484
121,1045,1045,0.22691553831100464
121,1046,1046,0.04537459462881088
121,1047,1047,-0.17588616907596588
121,1048,1048,-0.3364420235157013
121,1049,1049,-0.36166608333587646
122,1050,1050,0.2461816668510437
122,1051,1051,0.2601551115512848
122,1052,1052,0.20219871401786804
122,1053,1053,0.04060661420226097
122,1054,1054,-0.22525280714035034
122,1055,1055,-0.2564905881881714
122,1056,1056,-0.4885949194431305
122,1057,1057,-0.4948813319206238
123,1058,1058,0.25127848982810974
123,1059,1059,0.04079680144786835
123,1060,1060,0.06857264041900635
123,1061,1061,-0.07805309444665909
123,1062,1062,-0.40955138206481934
123,1063,1063,-0.36662957072257996
124,1064,1064,0.38876259326934814
124,1065,1065,0.3448569178581238
124,1066,1066,0.5308619141578674
124,1067,1067,0.200255885720253
124,1068,1068,-0.01576937735080719
124,1069,1069,-0.15199829638004303
124,1070,1070,-0.26732149720191956
124,1071,1071,-0.18590563535690308
124,1072,1072,-0.3634558916091919
124,1073,1073,-0.6620107293128967
125,1074,1074,0.2361837923526764
125,1075,1075,0.5122728943824768
125,1076,1076,0.34121885895729065
125,1077,1077,-0.005362050607800484
125,1078,1078,-0.12538562715053558
125,1079,1079,-0.23044395446777344
125,1080,1080,-0.39744508266448975
125,1081,1081,-0.297532856464386
126,1082,1082,0.3189173638820648
126,1083,1083,0.2565057873725891
126,1084,1084,-0.27869606018066406
127,1085,1085,0.32644379138946533
127,1086,1086,0.6108351349830627
127,1087,1087,0.281022310256958
127,1088,1088,-0.01758086495101452
127,1089,1089,-0.33436280488967896
127,1090,1090,-0.3744359314441681
128,1091,1091,0.6002494692802429
128,1092,1092,0.1891222447156906
128,1093,1093,-0.26429688930511475
128,1094,1094,-0.42678502202033997
129,1095,1095,0.2713119387626648
129,1096,1096,0.01376635953783989
129,1097,1097,-0.19609861075878143
129,1098,1098,-0.23191209137439728
129,1099,1099,-0.2105114609003067
130,1100,1100,0.3654676079750061
130,1101,1101,0.30817359685897827
130,1102,1102,0.2923385500907898
130,1103,1103,0.0714888647198677
130,1104,1104,0.014477343298494816
130,1105,1105,-0.009234691970050335
130,1106,1106,-0.09490396827459335
130,1107,1107,-0.28695040941238403
130,1108,1108,-0.34074440598487854
130,1109,1109,-0.29548656940460205
131,1110,1110,0.4227342903614044
131,1111,1111,0.3348962664604187
131,1112,1112,0.26179438829421997
131,1113,1113,-0.10538728535175323
131,1114,1114,-0.48786231875419617
131,1115,1115,-0.7818099856376648
132,1116,1116,0.3462007939815521
132,1117,1117,0.1813427209854126
132,1118,1118,0.1945197433233261
132,1119,1119,-0.03840312361717224
132,1120,1120,-0.13320766389369965
132,1121,1121,-0.4496062397956848
132,1122,1122,-0.4910733103752136
133,1123,1123,0.31490445137023926
133,1124,1124,0.32296285033226013
133,1125,1125,0.29393813014030457
133,1126,1126,0.07034216821193695
133,1127,1127,-0.1815168410539627
133,1128,1128,-0.24008220434188843
133,1129,1129,-0.4451804459095001
133,1130,1130,-0.5544763803482056
134,1131,1131,0.17246192693710327
134,1132,1132,0.19557346403598785
134,1133,1133,0.19863824546337128
134,1134,1134,-0.21844078600406647
134,1135,1135,-0.4205569326877594
134,1136,1136,-0.46744513511657715
135,1137,1137,0.37078535556793213
135,1138,1138,0.2078898847103119
135,1139,1139,-0.09576746076345444
135,1140,1140,-0.11864317953586578
135,1141,1141,-0.14177946746349335
135,1142,1142,-0.2543807327747345
135,1143,1143,-0.5077946186065674
136,1144,1144,0.45424437522888184
136,1145,1145,0.2047920823097229
136,1146,1146,-0.0014068663585931063
136,1147,1147,-0.027726830914616585
136,1148,1148,-0.2929095923900604
136,1149,1149,-0.37206265330314636
136,1150,1150,-0.3958483934402466
137,1151,1151,0.44981348514556885
137,1152,1152,0.33051836490631104
137,1153,1153,0.29797497391700745
137,1154,1154,0.2871650755405426
137,1155,1155,0.02080237865447998
137,1156,1156,-0.20684489607810974
137,1157,1157,-0.3111269474029541
137,1158,1158,-0.20938219130039215
137,1159,1159,-0.43854132294654846
138,1160,1160,0.2880266606807709
138,1161,1161,0.2539477050304413
138,1162,1162,0.145175039768219
138,1163,1163,0.037653833627700806
138,1164,1164,-0.04135141894221306
138,1165,1165,-0.07578787952661514
138,1166,1166,-0.20434314012527466
138,1167,1167,-0.23874932527542114
138,1168,1168,-0.46371665596961975
139,1169,1169,0.29676204919815063
139,1170,1170,0.2817382514476776
139,1171,1171,0.17138108611106873
139,1172,1172,-0.1432807296514511
139,1173,1173,-0.26446011662483215
139,1174,1174,-0.4142720699310303
140,1175,1175,0.30355989933013916
140,1176,1176,0.06717844307422638
140,1177,1177,0.2080199420452118
140,1178,1178,-0.05296740680932999
140,1179,1179,-0.09371086210012436
140,1180,1180,-0.19321443140506744
140,1181,1181,-0.4626244008541107
141,1182,1182,0.2373216450214386
141,1183,1183,0.2859330177307129
141,1184,1184,0.200600266456604
141,1185,1185,0.03917916864156723
141,1186,1186,-0.11461379379034042
141,1187,1187,-0.08229566365480423
141,1188,1188,-0.5725436210632324
141,1189,1189,-0.17176765203475952
142,1190,1190,0.5641527771949768
142,1191,1191,0.2808333933353424
142,1192,1192,-0.3811936676502228
142,1193,1193,-0.3037794232368469
143,1194,1194,0.21884210407733917
143,1195,1195,0.16960708796977997
143,1196,1196,-0.002412855625152588
143,1197,1197,-0.2952439486980438
143,1198,1198,-0.33324190974235535
143,1199,1199,-0.20994678139686584
144,1200,1200,0.2628164291381836
144,1201,1201,0.13288581371307373
144,1202,1202,-0.05103512853384018
144,1203,1203,-0.16023696959018707
144,1204,1204,-0.3106326162815094
145,1205,1205,0.2966342270374298
145,1206,1206,0.38249751925468445
145,1207,1207,0.28310298919677734
145,1208,1208,-0.02802661433815956
145,1209,1209,-0.1400929093360901
145,1210,1210,-0.4094608426094055
145,1211,1211,-0.30856063961982727
146,1212,1212,0.3112351596355438
146,1213,1213,0.16204167902469635
146,1214,1214,0.17464742064476013
146,1215,1215,0.32023724913597107
146,1216,1216,0.08886092901229858
146,1217,1217,-0.0710657387971878
146,1218,1218,-0.09947386384010315
146,1219,1219,-0.15214884281158447
146,1220,1220,-0.2822388708591461
147,1221,1221,0.3380892276763916
147,1222,1222,0.22813209891319275
147,1223,1223,0.05883914604783058
147,1224,1224,0.10614930093288422
147,1225,1225,-0.3298243582248688
147,1226,1226,-0.47805655002593994
148,1227,1227,0.4661997854709625
148,1228,1228,0.2027548849582672
148,1229,1229,0.08849988132715225
148,1230,1230,0.2713102102279663
148,1231,1231,0.017160899937152863
148,1232,1232,0.08035776019096375
148,1233,1233,-0.24675771594047546
148,1234,1234,-0.1940322071313858
148,1235,1235,-0.45380890369415283
149,1236,1236,0.34771209955215454
149,1237,1237,0.13225813210010529
149,1238,1238,-0.009104514494538307
149,1239,1239,-0.18227159976959229
149,1240,1240,-0.5142295956611633
150,1241,1241,0.41732025146484375
150,1242,1242,0.2928176522254944
150,1243,1243,0.1904028058052063
150,1244,1244,-0.1183752566576004
150,1245,1245,-0.034393832087516785
150,1246,1246,-0.1312604695558548
150,1247,1247,-0.10629966109991074
150,1248,1248,-0.40562379360198975
151,1249,1249,0.39215797185897827
151,1250,1250,0.17487715184688568
151,1251,1251,0.2577703297138214
151,1252,1252,0.2342900037765503
151,1253,1253,0.05832130089402199
151,1254,1254,-0.08057451248168945
151,1255,1255,-0.21733394265174866
151,1256,1256,-0.28670716285705566
151,1257,1257,0.041906412690877914
151,1258,1258,-0.24571377038955688
152,1259,1259,0.45033547282218933
152,1260,1260,0.10663045942783356
152,1261,1261,-0.03485652431845665
152,1262,1262,-0.2589687407016754
152,1263,1263,-0.42260897159576416
152,1264,1264,-0.3516116440296173
153,1265,1265,0.33693766593933105
153,1266,1266,0.23788948357105255
153,1267,1267,-0.31999969482421875
153,1268,1268,-0.4111999571323395
154,1269,1269,0.3589082360267639
154,1270,1270,0.36513400077819824
154,1271,1271,0.24936293065547943
154,1272,1272,-0.1159270778298378
154,1273,1273,-0.11432294547557831
154,1274,1274,-0.30212894082069397
155,1275,1275,-0.01701970584690571
155,1276,1276,0.20795974135398865
155,1277,1277,-0.26978248357772827
155,1278,1278,-0.1528814136981964
156,1279,1279,0.3650921881198883
156,1280,1280,0.3002251088619232
156,1281,1281,0.3800310790538788
156,1282,1282,-0.07085788249969482
156,1283,1283,0.2225685715675354
156,1284,1284,-0.0994437113404274
156,1285,1285,-0.22375963628292084
156,1286,1286,-0.23753957450389862
156,1287,1287,-0.24693453311920166
156,1288,1288,-0.35605594515800476
157,1289,1289,0.24113857746124268
157,1290,1290,0.0648270696401596
157,1291,1291,0.16648273169994354
157,1292,1292,0.16217871010303497
157,1293,1293,0.037103936076164246
157,1294,1294,0.14592619240283966
157,1295,1295,0.0016169798327609897
157,1296,1296,-0.402977854013443
157,1297,1297,-0.2766968905925751
157,1298,1298,-0.3725038170814514
158,1299,1299,0.40181267261505127
158,1300,1300,0.3518202304840088
158,1301,1301,0.1184740662574768
158,1302,1302,-0.2282564342021942
158,1303,1303,-0.2311253398656845
158,1304,1304,-0.20205280184745789
159,1305,1305,0.289709210395813
159,1306,1306,0.43057918548583984
159,1307,1307,0.3139857351779938
159,1308,1308,0.19143368303775787
159,1309,1309,0.2577722370624542
159,1310,1310,-0.0345945805311203
159,1311,1311,-0.19512829184532166
159,1312,1312,-0.31316637992858887
159,1313,1313,-0.1311679482460022
159,1314,1314,-0.239651620388031
160,1315,1315,0.2751615643501282
160,1316,1316,0.09275507181882858
160,1317,1317,-0.12170276045799255
160,1318,1318,-0.3837018311023712
161,1319,1319,0.25357791781425476
161,1320,1320,0.22818686068058014
161,1321,1321,-0.1212967038154602
161,1322,1322,-0.3532801568508148
162,1323,1323,0.1963023543357849
162,1324,1324,0.18063920736312866
162,1325,1325,0.20865486562252045
162,1326,1326,0.006762726232409477
162,1327,1327,-0.22651082277297974
162,1328,1328,-0.07286282628774643
163,1329,1329,0.5369795560836792
163,1330,1330,0.39971813559532166
163,1331,1331,0.10305121541023254
163,1332,1332,0.11551845818758011
163,1333,1333,-0.30119121074676514
163,1334,1334,-0.28924548625946045
163,1335,1335,-0.3778764307498932
164,1336,1336,0.22176052629947662
164,1337,1337,0.3815298080444336
164,1338,1338,0.0867789015173912
164,1339,1339,0.0747913122177124
164,1340,1340,-0.12055360525846481
164,1341,1341,-0.17051170766353607
164,1342,1342,-0.03187405690550804
164,1343,1343,-0.23534879088401794
165,1344,1344,0.5482576489448547
165,1345,1345,0.23833978176116943
165,1346,1346,0.2634771764278412
165,1347,1347,-0.05496932566165924
165,1348,1348,-0.39791542291641235
165,1349,1349,-0.29757460951805115
165,1350,1350,-0.4515162706375122
166,1351,1351,0.4252465069293976
166,1352,1352,0.14444229006767273
166,1353,1353,0.08312855660915375
166,1354,1354,-0.1474040150642395
166,1355,1355,-0.4662705659866333
166,1356,1356,-0.29787448048591614
167,1357,1357,0.3249424993991852
167,1358,1358,0.07180456817150116
167,1359,1359,-0.021236691623926163
167,1360,1360,-0.3381190598011017
167,1361,1361,-0.36444106698036194
168,1362,1362,0.14445233345031738
168,1363,1363,0.14050182700157166
168,1364,1364,0.3240480422973633
168,1365,1365,0.0020550107583403587
168,1366,1366,-0.09344472736120224
168,1367,1367,-0.2601858079433441
168,1368,1368,-0.3181966543197632
169,1369,1369,0.3563973307609558
169,1370,1370,0.09489402920007706
169,1371,1371,-0.0473933182656765
169,1372,1372,-0.3714017868041992
170,1373,1373,0.31530171632766724
170,1374,1374,0.0738849863409996
170,1375,1375,-0.05167050659656525
170,1376,1376,-0.16676178574562073
170,1377,1377,-0.26168709993362427
170,1378,1378,-0.16063876450061798
171,1379,1379,0.2818845510482788
171,1380,1380,0.3839128017425537
171,1381,1381,0.22272200882434845
171,1382,1382,-0.06940437108278275
171,1383,1383,0.013892426155507565
171,1384,1384,-0.13781750202178955
172,1385,1385,0.23100833594799042
172,1386,1386,0.08455559611320496
172,1387,1387,0.16061489284038544
172,1388,1388,-0.08492577821016312
172,1389,1389,-0.3351600766181946
172,1390,1390,-0.4698837995529175
173,1391,1391,0.39374083280563354
173,1392,1392,0.16843904554843903
173,1393,1393,0.03347151353955269
173,1394,1394,-0.06912838667631149
173,1395,1395,-0.25097334384918213
174,1396,1396,0.24549442529678345
174,1397,1397,0.07827664166688919
174,1398,1398,-0.01366982702165842
174,1399,1399,-0.24315784871578217
175,1400,1400,0.17509792745113373
175,1401,1401,0.24632033705711365
175,1402,1402,0.12162778526544571
175,1403,1403,0.10821311920881271
175,1404,1404,-0.10943835973739624
175,1405,1405,-0.4234680235385895
175,1406,1406,0.019387001171708107
175,1407,1407,-0.4611533284187317
176,1408,1408,-0.03560065105557442
176,1409,1409,0.14746162295341492
176,1410,1410,0.13528302311897278
176,1411,1411,0.1665836125612259
176,1412,1412,-0.08264908194541931
176,1413,1413,-0.23697511851787567
176,1414,1414,-0.24794624745845795
177,1415,1415,0.48614609241485596
177,1416,1416,0.22559364140033722
177,1417,1417,0.11615589261054993
177,1418,1418,-0.2997504770755768
177,1419,1419,-0.33175888657569885
178,1420,1420,0.29051530361175537
178,1421,1421,0.33984124660491943
178,1422,1422,0.031622614711523056
178,1423,1423,0.00508445268496871
178,1424,1424,-0.20931102335453033
178,1425,1425,-0.15674585103988647
178,1426,1426,-0.3442167639732361
179,1427,1427,0.26471468806266785
179,1428,1428,0.22553682327270508
179,1429,1429,0.11528661847114563
179,1430,1430,-0.029414616525173187
179,1431,1431,0.17057552933692932
179,1432,1432,0.0012903547612950206
179,1433,1433,-0.1302904188632965
179,1434,1434,-0.1988949328660965
179,1435,1435,-0.3873961567878723
179,1436,1436,-0.538307249546051
180,1437,1437,0.3323553800582886
180,1438,1438,0.23250609636306763
180,1439,1439,-0.07614012807607651
180,1440,1440,-0.32473525404930115
180,1441,1441,-0.5832329392433167
181,1442,1442,0.3123169243335724
181,1443,1443,0.1943603754043579
181,1444,1444,-0.3065207004547119
181,1445,1445,-0.4198002517223358
182,1446,1446,0.2566596269607544
182,1447,1447,0.0846714973449707
182,1448,1448,-0.0719829872250557
182,1449,1449,-0.2079903781414032
182,1450,1450,0.12721839547157288
182,1451,1451,-0.1358078122138977
183,1452,1452,0.3853376507759094
183,1453,1453,0.19255352020263672
183,1454,1454,0.008263766765594482
183,1455,1455,-0.09158065915107727
183,1456,1456,-0.11328237503767014
184,1457,1457,0.3385799527168274
184,1458,1458,0.15749432146549225
184,1459,1459,0.25245553255081177
184,1460,1460,-0.013516562059521675
184,1461,1461,-0.21709968149662018
184,1462,1462,-0.2867072820663452
184,1463,1463,-0.30611422657966614
185,1464,1464,0.1701374500989914
185,1465,1465,0.2862511873245239
185,1466,1466,0.2835067808628082
185,1467,1467,0.09959308803081512
185,1468,1468,-0.01074318215250969
185,1469,1469,-0.243499755859375
185,1470,1470,-0.1915235072374344
185,1471,1471,-0.29080018401145935
185,1472,1472,-0.4962202310562134
186,1473,1473,-0.04125707596540451
186,1474,1474,-0.03935232013463974
186,1475,1475,-0.06530967354774475
186,1476,1476,-0.23474441468715668
187,1477,1477,0.538374125957489
187,1478,1478,0.23254859447479248
187,1479,1479,0.1214153841137886
187,1480,1480,-0.039051394909620285
187,1481,1481,-0.27580323815345764
187,1482,1482,-0.5779460668563843
187,1483,1483,-0.41607409715652466
188,1484,1484,0.2337406724691391
188,1485,1485,0.08706741034984589
188,1486,1486,-0.1580311506986618
188,1487,1487,0.09638553857803345
188,1488,1488,-0.40893349051475525
188,1489,1489,-0.45148009061813354
188,1490,1490,-0.3077164888381958
189,1491,1491,0.4002187252044678
189,1492,1492,0.21257242560386658
189,1493,1493,0.17035986483097076
189,1494,1494,0.041114043444395065
189,1495,1495,-0.2332063466310501
189,1496,1496,-0.20117148756980896
189,1497,1497,-0.3996226191520691
190,1498,1498,0.15748387575149536
190,1499,1499,0.11875442415475845
190,1500,1500,0.0433802604675293
190,1501,1501,-0.3211779296398163
190,1502,1502,-0.12856897711753845
191,1503,1503,0.20597591996192932
191,1504,1504,0.18057522177696228
191,1505,1505,-0.09839792549610138
191,1506,1506,-0.34687110781669617
191,1507,1507,-0.3205536901950836
192,1508,1508,0.3896043002605438
192,1509,1509,0.21751028299331665
192,1510,1510,-0.03167194500565529
192,1511,1511,-0.24712760746479034
192,1512,1512,-0.16639956831932068
193,1513,1513,0.20329917967319489
193,1514,1514,0.26216819882392883
193,1515,1515,0.2599170207977295
193,1516,1516,0.12542323768138885
193,1517,1517,0.10286012291908264
193,1518,1518,-0.04347578436136246
193,1519,1519,0.005495686549693346
193,1520,1520,-0.11932364106178284
193,1521,1521,-0.6477794051170349
193,1522,1522,-0.3141368329524994
194,1523,1523,0.46394574642181396
194,1524,1524,0.03690444305539131
194,1525,1525,-0.1979655772447586
195,1526,1526,0.33140045404434204
195,1527,1527,-0.024690276011824608
195,1528,1528,0.00746684055775404
195,1529,1529,0.010951819829642773
195,1530,1530,-0.2551472783088684
196,1531,1531,0.12006141990423203
196,1532,1532,0.032885171473026276
196,1533,1533,0.0183519646525383
196,1534,1534,-0.22262214124202728
196,1535,1535,-0.07896306365728378
197,1536,1536,0.5165880918502808
197,1537,1537,0.13075441122055054
197,1538,1538,0.363464891910553
197,1539,1539,-0.0986773744225502
197,1540,1540,-0.29018792510032654
197,1541,1541,-0.28055664896965027
197,1542,1542,-0.4112457036972046
198,1543,1543,0.19402484595775604
198,1544,1544,0.4070301949977875
198,1545,1545,0.07024452835321426
198,1546,1546,0.12490969896316528
198,1547,1547,0.021903013810515404
198,1548,1548,-0.2308340072631836
198,1549,1549,-0.18760563433170319
198,1550,1550,-0.17137418687343597
198,1551,1551,-0.01677320897579193
199,1552,1552,0.2828574478626251
199,1553,1553,0.0689387246966362
199,1554,1554,-0.08385894447565079
199,1555,1555,-0.35592764616012573
199,1556,1556,-0.3451915681362152
200,1557,1557,0.25382792949676514
200,1558,1558,0.15750916302204132
200,1559,1559,0.22368048131465912
200,1560,1560,-0.12366576492786407
200,1561,1561,-0.11781642585992813
200,1562,1562,-0.1426856815814972
201,1563,1563,0.4114021062850952
201,1564,1564,0.15481902658939362
201,1565,1565,0.24584566056728363
201,1566,1566,0.17057465016841888
201,1567,1567,0.06679360568523407
201,1568,1568,-0.19075310230255127
201,1569,1569,-0.34905996918678284
201,1570,1570,-0.22424739599227905
201,1571,1571,-0.2487906664609909
201,1572,1572,-0.4408579170703888
202,1573,1573,0.28014591336250305
202,1574,1574,0.15205568075180054
202,1575,1575,-0.05667005851864815
202,1576,1576,-0.3343811333179474
203,1577,1577,0.24296288192272186
203,1578,1578,0.41486889123916626
203,1579,1579,0.1597587913274765
203,1580,1580,-0.11800885945558548
203,1581,1581,-0.12929879128932953
203,1582,1582,-0.3529145121574402
203,1583,1583,-0.2988819181919098
204,1584,1584,0.23511047661304474
204,1585,1585,0.1220439150929451
204,1586,1586,0.1247413381934166
204,1587,1587,-0.22384266555309296
204,1588,1588,-0.30807259678840637
204,1589,1589,-0.1704082489013672
205,1590,1590,0.40139806270599365
205,1591,1591,0.2947711646556854
205,1592,1592,0.2395089715719223
205,1593,1593,0.06428124755620956
205,1594,1594,-0.13081584870815277
205,1595,1595,-0.44769901037216187
205,1596,1596,-0.29189684987068176
206,1597,1597,0.13693822920322418
206,1598,1598,0.31652602553367615
206,1599,1599,0.01705075427889824
206,1600,1600,-0.4583547115325928
206,1601,1601,-0.16350379586219788
207,1602,1602,0.05697110295295715
207,1603,1603,0.12792520225048065
207,1604,1604,-0.2598085105419159
207,1605,1605,-0.1401326060295105
208,1606,1606,0.20072335004806519
208,1607,1607,0.20572814345359802
208,1608,1608,0.238141268491745
208,1609,1609,-0.18644237518310547
208,1610,1610,-0.17601871490478516
208,1611,1611,-0.2100525051355362
209,1612,1612,0.07332094013690948
209,1613,1613,0.17794658243656158
209,1614,1614,0.011288885958492756
209,1615,1615,-0.40756139159202576
209,1616,1616,-0.08548925071954727
210,1617,1617,-0.024947084486484528
210,1618,1618,-0.15480849146842957
211,1619,1619,0.2820374369621277
211,1620,1620,0.18252606689929962
211,1621,1621,-0.18932142853736877
211,1622,1622,-0.2351912260055542
212,1623,1623,0.22264452278614044
212,1624,1624,-0.10160797834396362
212,1625,1625,-0.26419711112976074
213,1626,1626,0.12113640457391739
213,1627,1627,0.11255775392055511
213,1628,1628,-0.16465997695922852
213,1629,1629,-0.28857144713401794
214,1630,1630,0.27844130992889404
214,1631,1631,0.1489800661802292
214,1632,1632,0.24425052106380463
214,1633,1633,0.00689059030264616
214,1634,1634,-0.15804223716259003
214,1635,1635,0.001275930437259376
214,1636,1636,-0.14380159974098206
215,1637,1637,-0.07625731825828552
215,1638,1638,0.15442286431789398
215,1639,1639,0.017690792679786682
215,1640,1640,0.01155166607350111
215,1641,1641,-0.3974810540676117
215,1642,1642,-0.19606994092464447
216,1643,1643,0.2991759777069092
216,1644,1644,0.10841573774814606
216,1645,1645,-0.16034087538719177
216,1646,1646,-0.571067750453949
217,1647,1647,0.17967455089092255
217,1648,1648,0.15675249695777893
217,1649,1649,0.12040414661169052
217,1650,1650,-0.06422505527734756
217,1651,1651,-0.25197142362594604
217,1652,1652,-0.11670292168855667
218,1653,1653,0.025768443942070007
218,1654,1654,0.28078415989875793
218,1655,1655,-0.22733432054519653
218,1656,1656,-0.3712526261806488
219,1657,1657,0.4488341212272644
219,1658,1658,0.24910232424736023
219,1659,1659,-0.15172359347343445
219,1660,1660,-0.4547088146209717
220,1661,1661,0.210920512676239
220,1662,1662,0.1090792864561081
220,1663,1663,-0.15077565610408783
220,1664,1664,-0.3471824526786804
221,1665,1665,0.09294435381889343
221,1666,1666,0.2268378883600235
221,1667,1667,0.14514465630054474
221,1668,1668,-0.032171256840229034
221,1669,1669,-0.13147717714309692
221,1670,1670,-0.4218360185623169
222,1671,1671,0.20788231492042542
222,1672,1672,0.23828478157520294
222,1673,1673,-0.07664567232131958
222,1674,1674,-0.09796503186225891
222,1675,1675,-0.07000891864299774
223,1676,1676,0.3345571458339691
223,1677,1677,0.3359062671661377
223,1678,1678,-0.07053661346435547
223,1679,1679,-0.3766009509563446
223,1680,1680,-0.2761910557746887
224,1681,1681,0.26150789856910706
224,1682,1682,0.20255497097969055
224,1683,1683,0.22135020792484283
224,1684,1684,-0.10240350663661957
224,1685,1685,-0.2344876527786255
224,1686,1686,-0.1437206119298935
224,1687,1687,-0.4598610997200012
225,1688,1688,0.41334182024002075
225,1689,1689,0.14399410784244537
225,1690,1690,-0.2580130100250244
225,1691,1691,-0.5071569681167603
226,1692,1692,0.18642643094062805
226,1693,1693,0.06866173446178436
226,1694,1694,-0.4621131122112274
226,1695,1695,-0.293675035238266
227,1696,1696,-0.18515321612358093
227,1697,1697,0.18531812727451324
228,1698,1698,0.17732979357242584
228,1699,1699,0.1803671270608902
228,1700,1700,0.1601591855287552
228,1701,1701,-0.0083128297701478
228,1702,1702,-0.181900754570961
228,1703,1703,-0.2447919100522995
228,1704,1704,-0.27424386143684387
229,1705,1705,0.3351406753063202
229,1706,1706,0.20240581035614014
229,1707,1707,0.10242792218923569
229,1708,1708,-0.01480170339345932
229,1709,1709,-0.26888251304626465
229,1710,1710,-0.23825733363628387
229,1711,1711,-0.3395777940750122
230,1712,1712,-0.03769879415631294
230,1713,1713,-0.007173843216150999
231,1714,1714,0.10529223084449768
231,1715,1715,0.33804428577423096
231,1716,1716,0.22513820230960846
231,1717,1717,0.03639322146773338
231,1718,1718,-0.11743137985467911
231,1719,1719,-0.3455197811126709
231,1720,1720,-0.49239715933799744
232,1721,1721,0.4420473873615265
232,1722,1722,0.2686203420162201
232,1723,1723,-0.011795222759246826
232,1724,1724,-0.020633067935705185
232,1725,1725,-0.08308743685483932
232,1726,1726,-0.2261844426393509
233,1727,1727,0.1655821055173874
233,1728,1728,0.21256381273269653
233,1729,1729,-0.11108365654945374
233,1730,1730,-0.22680526971817017
233,1731,1731,-0.33328139781951904
234,1732,1732,0.37851011753082275
234,1733,1733,0.20393604040145874
234,1734,1734,-0.029981456696987152
234,1735,1735,-0.28805434703826904
234,1736,1736,-0.40155571699142456
235,1737,1737,0.07416942715644836
235,1738,1738,-0.11567384749650955
235,1739,1739,0.08839151263237
235,1740,1740,-0.1992930918931961
235,1741,1741,-0.16317901015281677
236,1742,1742,0.13880141079425812
236,1743,1743,0.18856510519981384
236,1744,1744,-0.03168769180774689
236,1745,1745,0.011570863425731659
236,1746,1746,-0.3250056207180023
236,1747,1747,-0.32827094197273254
237,1748,1748,0.031962841749191284
237,1749,1749,-0.03654230758547783
237,1750,1750,-0.2112426906824112
237,1751,1751,-0.15267717838287354
238,1752,1752,0.32789790630340576
238,1753,1753,0.09715494513511658
238,1754,1754,-0.0008791876025497913
238,1755,1755,-0.39645904302597046
239,1756,1756,0.35002174973487854
239,1757,1757,0.35581544041633606
239,1758,1758,0.22309798002243042
239,1759,1759,0.1125902384519577
239,1760,1760,-0.14011795818805695
239,1761,1761,-0.4120796322822571
239,1762,1762,-0.3352503180503845
239,1763,1763,-0.4471108913421631
240,1764,1764,0.4124796986579895
240,1765,1765,0.2243470996618271
240,1766,1766,0.0431181900203228
240,1767,1767,-0.049375973641872406
240,1768,1768,-0.28758180141448975
241,1769,1769,0.21227571368217468
241,1770,1770,0.4231278896331787
241,1771,1771,0.3310237228870392
241,1772,1772,0.03780616074800491
241,1773,1773,-0.07579685747623444
241,1774,1774,-0.0681820884346962
241,1775,1775,-0.07526235282421112
241,1776,1776,-0.007225744891911745
241,1777,1777,-0.16171647608280182
241,1778,1778,-0.5084584951400757
242,1779,1779,0.3265548348426819
242,1780,1780,0.3281080722808838
242,1781,1781,-0.06946705281734467
242,1782,1782,-0.3077579736709595
242,1783,1783,-0.2901591956615448
243,1784,1784,0.2555634379386902
243,1785,1785,0.3453596532344818
243,1786,1786,-0.06127607449889183
243,1787,1787,-0.1693630814552307
243,1788,1788,-0.14274045825004578
244,1789,1789,0.32799017429351807
244,1790,1790,0.22699736058712006
244,1791,1791,-0.00010986805136781186
244,1792,1792,-0.33313801884651184
244,1793,1793,-0.11662983894348145
245,1794,1794,0.009731369093060493
245,1795,1795,0.07325690984725952
246,1796,1796,0.19686152040958405
246,1797,1797,0.10135610401630402
246,1798,1798,0.07960186898708344
246,1799,1799,0.06239345669746399
246,1800,1800,0.010159284807741642
246,1801,1801,-0.13381759822368622
246,1802,1802,0.05230715870857239
246,1803,1803,-0.2176739126443863
246,1804,1804,-0.05775498226284981
247,1805,1805,0.4597056210041046
247,1806,1806,0.16699206829071045
247,1807,1807,-0.11021341383457184
247,1808,1808,-0.502289354801178
248,1809,1809,0.3209683895111084
248,1810,1810,0.20630836486816406
248,1811,1811,0.07296086102724075
248,1812,1812,-0.28780773282051086
248,1813,1813,-0.4455699622631073
249,1814,1814,0.23069359362125397
249,1815,1815,0.08687969297170639
249,1816,1816,-0.058775946497917175
249,1817,1817,-0.15520451962947845
249,1818,1818,-0.13862107694149017
250,1819,1819,0.13419537246227264
250,1820,1820,0.048885926604270935
250,1821,1821,-0.16260895133018494
250,1822,1822,0.07835570722818375
251,1823,1823,0.34260094165802
251,1824,1824,-0.0069734142161905766
251,1825,1825,0.015309102833271027
251,1826,1826,-0.17674888670444489
251,1827,1827,-0.5978203415870667
252,1828,1828,-0.034027013927698135
252,1829,1829,0.1540314108133316
253,1830,1830,0.267351895570755
253,1831,1831,0.24014398455619812
253,1832,1832,-0.025047866627573967
253,1833,1833,-0.16885337233543396
253,1834,1834,-0.05135250464081764
254,1835,1835,0.3201931118965149
254,1836,1836,0.17839622497558594
254,1837,1837,-0.29822802543640137
254,1838,1838,-0.2031036913394928
255,1839,1839,0.3392750024795532
255,1840,1840,0.30646848678588867
255,1841,1841,0.17354367673397064
255,1842,1842,-0.04991471767425537
255,1843,1843,-0.11584603041410446
255,1844,1844,-0.10918238013982773
256,1845,1845,0.4768632650375366
256,1846,1846,0.01708689145743847
256,1847,1847,0.2673873007297516
256,1848,1848,0.018961738795042038
256,1849,1849,-0.42132461071014404
256,1850,1850,-0.28826287388801575
256,1851,1851,-0.2752353549003601
257,1852,1852,0.3601666986942291
257,1853,1853,0.11189120262861252
257,1854,1854,0.004465611185878515
257,1855,1855,-0.19548465311527252
257,1856,1856,-0.3249930441379547
257,1857,1857,-0.16539327800273895
258,1858,1858,0.27952441573143005
258,1859,1859,0.3213660717010498
258,1860,1860,0.19961316883563995
258,1861,1861,-0.018485529348254204
258,1862,1862,-0.3637678921222687
258,1863,1863,-0.48053309321403503
259,1864,1864,0.1714159995317459
259,1865,1865,-0.14837710559368134
259,1866,1866,-0.13761474192142487
260,1867,1867,0.07274600863456726
260,1868,1868,0.1547589898109436
260,1869,1869,-0.039081647992134094
260,1870,1870,-0.25281065702438354
260,1871,1871,-0.11219318211078644
261,1872,1872,0.17590156197547913
261,1873,1873,-0.07437331229448318
261,1874,1874,-0.4329914152622223
262,1875,1875,0.14152486622333527
262,1876,1876,0.1576629877090454
262,1877,1877,-0.07536295801401138
262,1878,1878,-0.025473032146692276
262,1879,1879,0.06313016265630722
263,1880,1880,0.3741063177585602
263,1881,1881,0.23067161440849304
263,1882,1882,0.013489237055182457
263,1883,1883,-0.18051652610301971
264,1884,1884,0.48281222581863403
264,1885,1885,0.21175800263881683
264,1886,1886,0.11045444756746292
264,1887,1887,0.0784868597984314
264,1888,1888,-0.18994002044200897
264,1889,1889,-0.2225809097290039
264,1890,1890,-0.1721145212650299
264,1891,1891,-0.2080221027135849
265,1892,1892,0.3926715850830078
265,1893,1893,0.428762286901474
265,1894,1894,0.021564610302448273
265,1895,1895,-0.11347364634275436
265,1896,1896,-0.3184104561805725
266,1897,1897,0.3687821924686432
266,1898,1898,-0.007731261197477579
266,1899,1899,-0.28771907091140747
267,1900,1900,-0.0746380016207695
267,1901,1901,-0.0940604880452156
268,1902,1902,-0.01791861467063427
268,1903,1903,-0.04450223594903946
268,1904,1904,-0.4436739683151245
269,1905,1905,0.363617867231369
269,1906,1906,-0.07401929050683975
269,1907,1907,-0.3968466818332672
270,1908,1908,0.16796253621578217
270,1909,1909,0.0704631432890892
270,1910,1910,-0.03797357156872749
270,1911,1911,-0.1446230709552765
270,1912,1912,-0.13286249339580536
271,1913,1913,0.31000080704689026
271,1914,1914,0.0576193630695343
271,1915,1915,-0.07690728455781937
272,1916,1916,0.2610066533088684
272,1917,1917,0.17997325956821442
272,1918,1918,-0.04380396008491516
272,1919,1919,-0.22770290076732635
272,1920,1920,-0.33222323656082153
273,1921,1921,0.012304965406656265
273,1922,1922,0.3420751690864563
273,1923,1923,0.20757614076137543
273,1924,1924,-0.007763395085930824
273,1925,1925,-0.13507725298404694
273,1926,1926,-0.16197152435779572
274,1927,1927,0.12496352195739746
274,1928,1928,0.25042039155960083
274,1929,1929,-0.351691335439682
274,1930,1930,-0.18343955278396606
275,1931,1931,0.20278529822826385
275,1932,1932,0.18950563669204712
275,1933,1933,0.15775154531002045
275,1934,1934,-0.11847774684429169
275,1935,1935,-0.27093201875686646
275,1936,1936,-0.47486716508865356
276,1937,1937,-0.053032487630844116
276,1938,1938,0.05853433161973953
277,1939,1939,0.44312071800231934
277,1940,1940,0.02822660468518734
277,1941,1941,-0.14047610759735107
277,1942,1942,-0.4212052822113037
278,1943,1943,0.12107998132705688
278,1944,1944,-0.12682129442691803
279,1945,1945,0.044089481234550476
279,1946,1946,0.14047570526599884
279,1947,1947,0.048900775611400604
279,1948,1948,-0.130507692694664
280,1949,1949,0.419811487197876
280,1950,1950,-0.04839222878217697
280,1951,1951,-0.2521679997444153
281,1952,1952,0.32089564204216003
281,1953,1953,0.06877408921718597
281,1954,1954,-0.15389509499073029
281,1955,1955,-0.24588459730148315
282,1956,1956,0.28794997930526733
282,1957,1957,0.10445595532655716
282,1958,1958,-0.005762185901403427
282,1959,1959,-0.24448509514331818
283,1960,1960,0.34771037101745605
283,1961,1961,0.02091711014509201
283,1962,1962,-0.1614571362733841
284,1963,1963,0.6033044457435608
284,1964,1964,0.17501692473888397
284,1965,1965,-0.2650808095932007
284,1966,1966,-0.2885981798171997
285,1967,1967,0.16398681700229645
285,1968,1968,0.10899675637483597
285,1969,1969,0.10805532336235046
285,1970,1970,-0.012379057705402374
285,1971,1971,-0.20134808123111725
285,1972,1972,-0.0873156189918518
286,1973,1973,-0.05926321819424629
286,1974,1974,0.13354860246181488
287,1975,1975,0.16336481273174286
287,1976,1976,0.1767435520887375
287,1977,1977,0.0233550313860178
287,1978,1978,-0.4738916754722595
287,1979,1979,-0.47024327516555786
288,1980,1980,0.0014263009652495384
288,1981,1981,0.10180462151765823
288,1982,1982,-0.1341480314731598
288,1983,1983,-0.19659432768821716
288,1984,1984,-0.43183282017707825
289,1985,1985,0.4690297245979309
289,1986,1986,0.12317579239606857
289,1987,1987,-0.1586529165506363
289,1988,1988,-0.3963279724121094
290,1989,1989,0.16364726424217224
290,1990,1990,0.0852578729391098
291,1991,1991,0.24182845652103424
291,1992,1992,-0.08490941673517227
291,1993,1993,-0.4771709740161896
292,1994,1994,0.1461634784936905
292,1995,1995,0.05712331831455231
293,1996,1996,0.39566895365715027
293,1997,1997,0.07846699655056
293,1998,1998,-0.09177116304636002
293,1999,1999,-0.3889564275741577
294,2000,2000,0.29224932193756104
294,2001,2001,-0.004157812800258398
294,2002,2002,-0.23287361860275269
295,2003,2003,0.42103999853134155
295,2004,2004,0.2570980191230774
295,2005,2005,0.03270402550697327
295,2006,2006,-0.2813747823238373
295,2007,2007,-0.16579250991344452
296,2008,2008,0.23574525117874146
296,2009,2009,0.26699599623680115
296,2010,2010,-0.23007304966449738
296,2011,2011,-0.21789106726646423
297,2012,2012,0.04056074470281601
297,2013,2013,-0.04519755020737648
298,2014,2014,0.3539840281009674
298,2015,2015,0.006276626605540514
298,2016,2016,-0.3044477105140686
299,2017,2017,0.18687690794467926
299,2018,2018,0.19022701680660248
299,2019,2019,0.01288265734910965
299,2020,2020,-0.04381847754120827
299,2021,2021,-0.3359857499599457
300,2022,2022,0.42797142267227173
300,2023,2023,0.3017804026603699
300,2024,2024,-0.29777073860168457
300,2025,2025,-0.3813008964061737
301,2026,2026,0.18138885498046875
301,2027,2027,-0.0655810534954071
301,2028,2028,-0.22777599096298218
301,2029,2029,-0.29680249094963074
302,2030,2030,0.4557228982448578
302,2031,2031,0.1962989866733551
302,2032,2032,-0.18728755414485931
303,2033,2033,0.0685487687587738
303,2034,2034,0.23857641220092773
303,2035,2035,-0.07442820072174072
303,2036,2036,-0.24141427874565125
303,2037,2037,-0.3156154751777649
304,2038,2038,-0.08223417401313782
304,2039,2039,-0.10895194858312607
305,2040,2040,0.16421495378017426
305,2041,2041,0.06152629852294922
305,2042,2042,-0.2550007402896881
305,2043,2043,-0.2552525997161865
306,2044,2044,0.180012047290802
306,2045,2045,0.2300288826227188
306,2046,2046,-0.2393437623977661
306,2047,2047,-0.40658748149871826
307,2048,2048,0.5775704383850098
307,2049,2049,0.30818071961402893
307,2050,2050,-0.18847820162773132
307,2051,2051,-0.2321750819683075
308,2052,2052,0.3887833058834076
308,2053,2053,-0.057553719729185104
308,2054,2054,-0.5175798535346985
309,2055,2055,0.09632542729377747
309,2056,2056,-0.03954334184527397
310,2057,2057,0.27182698249816895
310,2058,2058,0.2280387133359909
310,2059,2059,-0.19083699584007263
310,2060,2060,-0.01913812942802906
311,2061,2061,0.19715651869773865
311,2062,2062,-0.017082370817661285
311,2063,2063,-0.20248329639434814
311,2064,2064,-0.13763874769210815
312,2065,2065,0.28754904866218567
312,2066,2066,0.030099401250481606
312,2067,2067,0.02437438815832138
313,2068,2068,0.4534699320793152
313,2069,2069,0.14585736393928528
313,2070,2070,-0.03579823672771454
313,2071,2071,-0.2485179454088211
314,2072,2072,-0.06483227014541626
314,2073,2073,-0.06912274658679962
315,2074,2074,0.11534875631332397
315,2075,2075,-0.23178915679454803
316,2076,2076,0.1230141669511795
316,2077,2077,0.19973714649677277
316,2078,2078,-0.27678221464157104
316,2079,2079,-0.18520033359527588
317,2080,2080,0.41735801100730896
317,2081,2081,-0.05190102756023407
317,2082,2082,-0.22609776258468628
318,2083,2083,0.48291081190109253
318,2084,2084,0.21913444995880127
318,2085,2085,-0.28579097986221313
318,2086,2086,-0.5270996689796448
319,2087,2087,0.3711814880371094
319,2088,2088,0.04346651956439018
319,2089,2089,-0.2743304967880249
320,2090,2090,0.22165831923484802
320,2091,2091,-0.05315648019313812
320,2092,2092,-0.2319619506597519
321,2093,2093,0.05064590275287628
321,2094,2094,0.18507646024227142
321,2095,2095,0.016741665080189705
321,2096,2096,-0.13908489048480988
321,2097,2097,0.1221385970711708
322,2098,2098,0.23191779851913452
322,2099,2099,0.32841956615448
322,2100,2100,-0.232579305768013
322,2101,2101,-0.09992579370737076
323,2102,2102,0.20063896477222443
323,2103,2103,0.07357779890298843
323,2104,2104,-0.21265250444412231
323,2105,2105,-0.13606511056423187
324,2106,2106,0.42076918482780457
324,2107,2107,0.14127905666828156
324,2108,2108,0.20613178610801697
324,2109,2109,0.09109096229076385
324,2110,2110,-0.056584104895591736
324,2111,2111,-0.07695413380861282
324,2112,2112,-0.4365878999233246
325,2113,2113,-0.018589336425065994
325,2114,2114,-0.10806133598089218
325,2115,2115,-0.3020854890346527
326,2116,2116,0.37576523423194885
326,2117,2117,0.11710306257009506
326,2118,2118,0.05736612156033516
326,2119,2119,-0.01297683734446764
326,2120,2120,0.1336316466331482
326,2121,2121,-0.33431392908096313
326,2122,2122,-0.2605966031551361
327,2123,2123,0.4651225209236145
327,2124,2124,0.34414660930633545
327,2125,2125,0.0478273406624794
327,2126,2126,-0.2305563986301422
327,2127,2127,-0.47483599185943604
328,2128,2128,0.06360427290201187
328,2129,2129,-0.024379795417189598
329,2130,2130,0.08069021254777908
329,2131,2131,0.1550864577293396
330,2132,2132,0.32071274518966675
330,2133,2133,0.17245879769325256
330,2134,2134,-0.3974616229534149
330,2135,2135,-0.32354697585105896
331,2136,2136,0.13392230868339539
331,2137,2137,0.10660737752914429
331,2138,2138,0.016003096476197243
332,2139,2139,0.2684778869152069
332,2140,2140,0.22165045142173767
332,2141,2141,-0.09379478543996811
332,2142,2142,-0.3767094016075134
333,2143,2143,0.22116544842720032
333,2144,2144,0.21993465721607208
333,2145,2145,0.09335163235664368
333,2146,2146,0.05177683010697365
333,2147,2147,-0.15919482707977295
333,2148,2148,-0.16725827753543854
333,2149,2149,-0.09682969748973846
333,2150,2150,-0.3943801820278168
334,2151,2151,0.46210724115371704
334,2152,2152,0.3126892149448395
334,2153,2153,-0.14570631086826324
334,2154,2154,-0.46577614545822144
335,2155,2155,0.2094922810792923
335,2156,2156,0.019454946741461754
335,2157,2157,0.15445075929164886
335,2158,2158,-0.07102268189191818
335,2159,2159,-0.2711978256702423
335,2160,2160,0.09821461886167526
336,2161,2161,0.016172097995877266
336,2162,2162,-0.17385978996753693
337,2163,2163,0.08195332437753677
337,2164,2164,0.053059644997119904
337,2165,2165,-0.11233029514551163
338,2166,2166,0.1164122223854065
338,2167,2167,0.1384950429201126
339,2168,2168,0.3108951449394226
339,2169,2169,0.017752213403582573
339,2170,2170,-0.2254459410905838
340,2171,2171,-0.19520877301692963
340,2172,2172,0.21902336180210114
341,2173,2173,0.3198259770870209
341,2174,2174,-0.0728965550661087
341,2175,2175,-0.15638664364814758
342,2176,2176,0.16780146956443787
342,2177,2177,0.10419376194477081
342,2178,2178,-0.11461977660655975
342,2179,2179,-0.2109360247850418
343,2180,2180,0.11851903051137924
343,2181,2181,0.044540490955114365
344,2182,2182,0.13422437012195587
344,2183,2183,0.03559304401278496
344,2184,2184,-0.24093866348266602
345,2185,2185,-0.21072587370872498
345,2186,2186,-0.16325366497039795
346,2187,2187,0.25980454683303833
346,2188,2188,0.12798798084259033
346,2189,2189,-0.17303401231765747
346,2190,2190,-0.06061576306819916
347,2191,2191,0.30247125029563904
347,2192,2192,-0.018590226769447327
347,2193,2193,-0.36971431970596313
348,2194,2194,0.21975380182266235
348,2195,2195,0.11579075455665588
348,2196,2196,-0.2113482803106308
348,2197,2197,-0.19916941225528717
349,2198,2198,0.028189191594719887
349,2199,2199,-0.010701832361519337
350,2200,2200,-0.09260176867246628
350,2201,2201,0.23376676440238953
350,2202,2202,0.006322360131889582
350,2203,2203,-0.08018755167722702
351,2204,2204,0.2154821753501892
351,2205,2205,0.058286089450120926
351,2206,2206,-0.20048606395721436
351,2207,2207,-0.10899266600608826
351,2208,2208,-0.16554179787635803
352,2209,2209,0.2764124274253845
352,2210,2210,0.14750778675079346
352,2211,2211,-0.20813848078250885
352,2212,2212,-0.6485974192619324
353,2213,2213,0.21540173888206482
353,2214,2214,0.2280290275812149
353,2215,2215,-0.2803567051887512
353,2216,2216,-0.3762577772140503
354,2217,2217,0.2175602912902832
354,2218,2218,-0.017078781500458717
355,2219,2219,0.34461063146591187
355,2220,2220,-0.08308017998933792
355,2221,2221,-0.21868818998336792
356,2222,2222,0.25491657853126526
356,2223,2223,-0.08312175422906876
356,2224,2224,-0.3958873748779297
357,2225,2225,0.29264697432518005
357,2226,2226,-0.07173503190279007
357,2227,2227,-0.4704170525074005
358,2228,2228,0.44767826795578003
358,2229,2229,0.09846046566963196
358,2230,2230,-0.006987526547163725
358,2231,2231,0.039951618760824203
359,2232,2232,0.32767441868782043
359,2233,2233,0.07290045917034149
359,2234,2234,-0.0625060498714447
360,2235,2235,-0.019626760855317116
360,2236,2236,-0.1490159034729004
361,2237,2237,0.31667083501815796
361,2238,2238,0.1663762480020523
361,2239,2239,-0.014031954109668732
361,2240,2240,-0.5423877239227295
362,2241,2241,0.4363788664340973
362,2242,2242,0.09346246719360352
362,2243,2243,-0.11560501903295517
363,2244,2244,0.05947520583868027
363,2245,2245,0.08540742099285126
363,2246,2246,0.05375111103057861
363,2247,2247,-0.22803716361522675
363,2248,2248,-0.3125731945037842
364,2249,2249,0.3873184621334076
364,2250,2250,0.053973790258169174
364,2251,2251,-0.12961116433143616
365,2252,2252,0.2969281077384949
365,2253,2253,0.01545952819287777
365,2254,2254,-0.347838431596756
366,2255,2255,-0.04293030872941017
366,2256,2256,0.06762688606977463
366,2257,2257,-0.2085123062133789
366,2258,2258,-0.2852710783481598
367,2259,2259,0.17181354761123657
367,2260,2260,0.18055853247642517
367,2261,2261,-0.18272064626216888
367,2262,2262,-0.14785028994083405
368,2263,2263,0.28004300594329834
368,2264,2264,0.13856388628482819
368,2265,2265,-0.012212219648063183
369,2266,2266,0.1921464204788208
369,2267,2267,0.14747342467308044
369,2268,2268,-0.0899542048573494
370,2269,2269,0.2994714677333832
370,2270,2270,-0.026085471734404564
370,2271,2271,-0.3348609507083893
371,2272,2272,0.22820249199867249
371,2273,2273,0.08842030167579651
371,2274,2274,-0.2667088508605957
374,2277,2277,0.08050467818975449
374,2278,2278,0.19033467769622803
374,2279,2279,0.002137885196134448
374,2280,2280,-0.1636395901441574
376,2282,2282,0.045906513929367065
376,2283,2283,0.05113794282078743
376,2284,2284,-0.3745337426662445
377,2285,2285,0.3384101092815399
377,2286,2286,-0.1806286871433258
377,2287,2287,-0.026052279397845268
377,2288,2288,-0.03286595270037651
377,2289,2289,-0.28534024953842163
378,2290,2290,-0.06072229519486427
378,2291,2291,0.015764981508255005
379,2292,2292,0.19624507427215576
379,2293,2293,0.21831771731376648
379,2294,2294,-0.014226614497601986
379,2295,2295,-0.19840621948242188
380,2296,2296,-0.05306682735681534
380,2297,2297,-0.08376172930002213
380,2298,2298,-0.2596168518066406
382,2300,2300,-0.23186995089054108
382,2301,2301,-0.12676505744457245
383,2302,2302,-0.09541235864162445
383,2303,2303,0.2821788787841797
383,2304,2304,-0.20921845734119415
383,2305,2305,-0.21683159470558167
384,2306,2306,0.5209987759590149
384,2307,2307,0.07772404700517654
384,2308,2308,-0.45086783170700073
385,2309,2309,0.2950577437877655
385,2310,2310,0.028103187680244446
385,2311,2311,-0.25320759415626526
386,2312,2312,0.02359655126929283
386,2313,2313,-0.09870410710573196
387,2314,2314,0.10555049777030945
387,2315,2315,-0.07517749816179276
387,2316,2316,-0.3766084611415863
388,2317,2317,0.06283200532197952
388,2318,2318,0.019040105864405632
389,2319,2319,-0.13244381546974182
389,2320,2320,-0.0810202956199646
390,2321,2321,0.3702235817909241
390,2322,2322,0.02649644762277603
390,2323,2323,-0.41010624170303345
391,2324,2324,0.21817228198051453
391,2325,2325,-0.05714278668165207
391,2326,2326,-0.08242328464984894
391,2327,2327,-0.12153133749961853
392,2328,2328,-0.011000383645296097
392,2329,2329,-0.06566942483186722
393,2330,2330,0.1163875013589859
393,2331,2331,0.08173088729381561
393,2332,2332,-0.36053961515426636
394,2333,2333,-0.051259297877550125
394,2334,2334,0.11695575714111328
395,2335,2335,-0.1728770136833191
395,2336,2336,0.028883647173643112
396,2337,2337,0.3472784757614136
396,2338,2338,0.018433919176459312
396,2339,2339,-0.26360780000686646
397,2340,2340,-0.10979615896940231
397,2341,2341,0.021829642355442047
398,2342,2342,-0.06181452423334122
398,2343,2343,0.05794014781713486
399,2344,2344,0.16291622817516327
399,2345,2345,0.19139929115772247
400,2346,2346,0.18473713099956512
400,2347,2347,0.19694939255714417
400,2348,2348,-0.13596808910369873
400,2349,2349,-0.19438982009887695
401,2350,2350,-0.1057078093290329
401,2351,2351,-0.1434127390384674
402,2352,2352,0.3533376455307007
402,2353,2353,0.3678854703903198
402,2354,2354,-0.024787425994873047
402,2355,2355,-0.22801393270492554
402,2356,2356,-0.5591455101966858
403,2357,2357,0.014083905145525932
403,2358,2358,0.010820410214364529
404,2359,2359,0.2857302129268646
404,2360,2360,-0.05245283618569374
404,2361,2361,-0.4320545494556427
405,2362,2362,0.31230902671813965
405,2363,2363,0.16423870623111725
405,2364,2364,-0.06880958378314972
405,2365,2365,-0.2808244228363037
406,2366,2366,-0.02608729898929596
406,2367,2367,0.007664532866328955
407,2368,2368,-0.21524395048618317
407,2369,2369,-0.08665388077497482
408,2370,2370,0.43388044834136963
408,2371,2371,-0.02637721784412861
408,2372,2372,-0.3410843312740326
409,2373,2373,0.11817154288291931
409,2374,2374,-0.0194231029599905
409,2375,2375,-0.36183878779411316
410,2376,2376,-0.13143125176429749
410,2377,2377,-0.06383237987756729
411,2378,2378,0.10046273469924927
411,2379,2379,-0.09124264866113663
411,2380,2380,-0.3468289077281952
412,2381,2381,0.07115615159273148
412,2382,2382,-0.12199731171131134
413,2383,2383,-0.07319934666156769
413,2384,2384,-0.12121380120515823
414,2385,2385,-0.1316474974155426
414,2386,2386,0.0895768329501152
415,2387,2387,0.4718521237373352
415,2388,2388,-0.05657583102583885
415,2389,2389,-0.4557470679283142
416,2390,2390,0.09262499958276749
416,2391,2391,0.24646303057670593
416,2392,2392,-0.3025938868522644
416,2393,2393,-0.03120979480445385
417,2394,2394,-0.03464346379041672
417,2395,2395,0.026998113840818405
419,2397,2397,0.31158334016799927
419,2398,2398,0.03801945969462395
419,2399,2399,-0.18625865876674652
420,2400,2400,0.0717606246471405
420,2401,2401,0.021249735727906227
421,2402,2402,-0.016833176836371422
421,2403,2403,-0.25729167461395264
422,2404,2404,-0.07719122618436813
422,2405,2405,-0.015266818925738335
423,2406,2406,0.10207895189523697
423,2407,2407,-0.07028540968894958
424,2408,2408,0.013508417643606663
424,2409,2409,-0.16793590784072876
425,2410,2410,0.035518474876880646
425,2411,2411,-0.023022064939141273
427,2413,2413,0.0915609747171402
427,2414,2414,-0.02261948026716709
427,2415,2415,-0.16621850430965424
429,2417,2417,0.05249534547328949
429,2418,2418,0.09596637636423111
430,2419,2419,-0.02940652333199978
430,2420,2420,0.051298003643751144
431,2421,2421,-0.20124413073062897
431,2422,2422,-0.04078894481062889
432,2423,2423,0.19263960421085358
432,2424,2424,0.015277110040187836
432,2425,2425,-0.255216509103775
439,2432,2432,-0.09759216010570526
439,2433,2433,-0.02840580977499485
440,2434,2434,0.49137043952941895
440,2435,2435,-0.008759330958127975
440,2436,2436,-0.5950397849082947
441,2437,2437,0.19254900515079498
441,2438,2438,0.11746770143508911
441,2439,2439,-0.2432604432106018
441,2440,2440,-0.09024427086114883
443,2442,2442,0.30480659008026123
443,2443,2443,-0.04128430411219597
443,2444,2444,-0.42673590779304504
444,2445,2445,-0.1611567884683609
444,2446,2446,0.11825364828109741
446,2448,2448,0.18978764116764069
446,2449,2449,-0.013498911634087563
447,2450,2450,-0.041346386075019836
447,2451,2451,-0.03910883516073227
448,2452,2452,-0.14838801324367523
448,2453,2453,0.0423361174762249
450,2455,2455,0.05497653782367706
450,2456,2456,-0.1985175758600235
452,2458,2458,-0.07959596812725067
452,2459,2459,-0.019821420311927795
457,2464,2464,-0.08959657698869705
457,2465,2465,0.039835669100284576
458,2466,2466,-0.0496024526655674
458,2467,2467,-0.12816865742206573
460,2469,2469,0.47409889101982117
460,2470,2470,0.11784809827804565
460,2471,2471,-0.1677408069372177
466,2477,2477,-0.1269696056842804
466,2478,2478,-0.009552201256155968
467,2479,2479,-0.035817090421915054
467,2480,2480,0.0007908368133939803
468,2481,2481,0.04243412986397743
468,2482,2482,0.2789493501186371
469,2483,2483,0.047398410737514496
469,2484,2484,0.17736190557479858
